GB STUDIO FONT NAME,SYSTEM FONT NAME,AUTHOR,Original Font Name,AUTHOR URL,URL,LICENSE,LICENSE URL
AMI-EGA,Mx437-AMI-EGA-8x8,VileR,Mx437 AMI EGA 8x8,https://int10h.org/,https://int10h.org/oldschool-pc-fonts/,CC BY-SA 4.0,https://int10h.org/oldschool-pc-fonts/readme/#legal_stuff
AppleII-Pro,AppleII-Pro,khaibitgfx,AppleII Pro,https://wiki.reactivemicro.com/Apple_II_Media_Vault,https://wiki.reactivemicro.com/Apple_II_Media_Vault,CC BY-SA 3.0,https://creativecommons.org/licenses/by-sa/3.0/
ApricotPortable,Mx437-ApricotPortable,VileR,Mx437 ApricotPortable,https://int10h.org/,https://int10h.org/oldschool-pc-fonts/,CC BY-SA 4.0,https://int10h.org/oldschool-pc-fonts/readme/#legal_stuff
Countown,-,Andrei Tenu,Countown,http://www.dilwyn.me.uk/fonts/,http://www.dilwyn.me.uk/fonts/,Public Domain,http://www.dilwyn.me.uk/fonts/
DG-One-Bold,Mx437-DG-One-Bold,VileR,Mx437 DG One,https://int10h.org/,https://int10h.org/oldschool-pc-fonts/,CC BY-SA 4.0,https://int10h.org/oldschool-pc-fonts/readme/#legal_stuff
Hot,-,Andrei Tenu,Hot,http://www.dilwyn.me.uk/fonts/,http://www.dilwyn.me.uk/fonts/,Public Domain,http://www.dilwyn.me.uk/fonts/
Lis,-,Andrei Tenu,Lis,http://www.dilwyn.me.uk/fonts/,http://www.dilwyn.me.uk/fonts/,Public Domain,http://www.dilwyn.me.uk/fonts/
MSX-Screen-0,MSX-Screen-0,Andy,MSX Screen 0,http://www.ateijelo.com/blog/2016/09/13/making-an-msx-font,http://www.ateijelo.com/blog/2016/09/13/making-an-msx-font,Public Domain,http://www.ateijelo.com/blog/2016/09/13/making-an-msx-font
NEC-MultiSpeed-Bold,Mx437-NEC-MultiSpeed-Bold,VileR,Mx437 NEC MultiSpeed,https://int10h.org/,https://int10h.org/oldschool-pc-fonts/,CC BY-SA 4.0,https://int10h.org/oldschool-pc-fonts/readme/#legal_stuff
Oua,-,Andrei Tenu,Oua,http://www.dilwyn.me.uk/fonts/,http://www.dilwyn.me.uk/fonts/,Public Domain,http://www.dilwyn.me.uk/fonts/
Ragon,-,Andrei Tenu,Ragon,http://www.dilwyn.me.uk/fonts/,http://www.dilwyn.me.uk/fonts/,Public Domain,http://www.dilwyn.me.uk/fonts/
Sigma-RM,Mx437-Sigma-RM-8x8,VileR,Mx437 Sigma RM 8x8,https://int10h.org/,https://int10h.org/oldschool-pc-fonts/,CC BY-SA 4.0,https://int10h.org/oldschool-pc-fonts/readme/#legal_stuff
Spee,-,Andrei Tenu,Spee,http://www.dilwyn.me.uk/fonts/,http://www.dilwyn.me.uk/fonts/,Public Domain,http://www.dilwyn.me.uk/fonts/
Spy,-,Andrei Tenu,Spy,http://www.dilwyn.me.uk/fonts/,http://www.dilwyn.me.uk/fonts/,Public Domain,http://www.dilwyn.me.uk/fonts/
Timely Haddock,Half-Eighties,Jayvee Enaguas,Half Eighties,https://harvettfox96.neocities.org/,https://www.dafont.com/half-eighties.font,SIL Open Font License Version 1.1,https://dl.dafont.com/dl/?f=half_eighties
TridentEarly,Mx437-TridentEarly-8x8,VileR,Mx437 TridentEarly 8x8,https://int10h.org/,https://int10h.org/oldschool-pc-fonts/,CC BY-SA 4.0,https://int10h.org/oldschool-pc-fonts/readme/#legal_stuff
